polygon_name_meteogram,display_name,temp_max_jan,temp_max_feb,temp_max_mar,temp_max_apr,temp_max_may,temp_max_jun,temp_max_jul,temp_max_aug,temp_max_sep,temp_max_oct,temp_max_nov,temp_max_dec,temp_min_jan,temp_min_feb,temp_min_mar,temp_min_apr,temp_min_may,temp_min_jun,temp_min_jul,temp_min_aug,temp_min_sep,temp_min_oct,temp_min_nov,temp_min_dec
0247-Abadia_de_Goias,Abadia de Goiás,30.24,30.56,30.62,30.79,29.84,29.47,29.82,31.83,33.76,32.9,30.58,30.27,20.2,20.06,20.03,19.04,16.32,14.81,14.23,16.0,19.04,20.31,20.23,20.35
0249-Abadiania,Abadiânia,28.79,29.05,29.1,29.27,28.37,27.75,28.07,30.08,31.96,31.28,29.01,28.68,19.08,18.99,18.94,18.22,16.06,14.75,14.25,15.76,18.2,19.31,19.04,19.09
0273-Acreuna,Acreúna,31.46,31.99,32.06,31.98,30.69,30.61,31.11,33.18,35.11,34.41,32.21,31.56,20.68,20.57,20.54,19.48,16.45,15.33,14.8,16.5,19.33,20.78,20.7,20.85
0277-Adelandia,Adelândia,31.45,31.89,32.03,32.42,31.78,31.49,31.91,34.01,35.78,34.63,32.02,31.43,20.66,20.58,20.55,19.75,17.26,16.01,15.63,17.43,20.15,21.14,20.84,20.88
0303-Agua_Fria_de_Goias,Água Fria de Goiás,28.22,28.33,28.37,28.34,27.76,26.86,27.05,28.91,30.95,30.55,28.26,28.14,18.45,18.39,18.34,17.73,15.59,13.98,13.46,14.98,17.44,18.72,18.51,18.62
0304-Agua_Limpa,Água Limpa,30.68,31.01,30.81,30.45,28.93,28.5,28.94,31.06,33.27,33.01,31.09,30.79,20.28,20.19,20.1,18.73,15.59,14.22,13.61,15.44,18.54,20.12,20.17,20.43
0318-Aguas_Lindas_de_Goias,Águas Lindas de Goiás,27.71,27.92,27.82,27.77,27.02,26.34,26.6,28.51,30.45,30.06,27.82,27.73,18.39,18.33,18.27,17.62,15.48,14.16,13.71,15.13,17.55,18.71,18.47,18.56
0355-Alexania,Alexânia,28.56,28.82,28.8,28.82,27.96,27.36,27.64,29.6,31.54,31.04,28.8,28.54,18.88,18.8,18.76,18.01,15.78,14.5,13.99,15.5,17.93,19.13,18.95,18.99
0371-Aloandia,Aloândia,30.97,31.35,31.39,31.11,29.7,29.25,29.72,31.8,34.02,33.58,31.48,31.0,20.17,20.11,20.05,18.82,15.68,14.25,13.62,15.45,18.51,20.11,20.15,20.38
0399-Alto_Horizonte,Alto Horizonte,31.93,32.11,32.35,33.05,33.22,32.75,33.15,35.03,36.66,35.23,32.56,31.95,21.13,21.19,21.17,20.79,18.78,17.04,16.46,18.16,20.82,21.87,21.57,21.45
0404-Alto_Paraiso_de_Goias,Alto Paraíso de Goiás,28.96,28.91,29.04,29.06,28.6,27.51,27.77,29.52,31.72,31.23,28.95,28.68,18.86,18.86,18.83,18.35,16.52,14.92,14.41,15.86,18.21,19.36,18.99,18.94
0425-Alvorada_do_Norte,Alvorada do Norte,31.04,30.98,31.07,31.07,30.6,29.9,30.03,31.69,33.87,33.72,31.14,30.79,20.35,20.29,20.37,19.91,18.14,16.78,16.11,17.39,19.71,20.97,20.61,20.47
0435-Amaralina,Amaralina,32.53,32.71,32.98,33.68,34.06,33.72,34.14,36.02,37.53,36.02,33.29,32.58,21.65,21.73,21.78,21.46,19.57,17.84,17.21,18.84,21.4,22.46,22.13,21.97
0443-Americano_do_Brasil,Americano do Brasil,30.57,30.98,31.11,31.55,30.96,30.41,30.83,32.94,34.75,33.54,30.93,30.55,19.79,19.72,19.6,18.83,16.42,14.94,14.53,16.36,19.18,20.14,19.84,20.01
0448-Amorinopolis,Amorinópolis,31.34,31.81,31.87,32.24,31.54,31.36,31.76,33.81,35.49,34.59,32.14,31.46,20.66,20.6,20.51,19.53,16.84,15.48,15.08,16.83,19.73,20.98,20.76,20.82
0463-Anapolis,Anápolis,28.93,29.22,29.29,29.58,28.56,27.84,28.17,30.23,32.13,31.4,29.13,28.75,19.15,19.07,18.99,18.3,16.17,14.8,14.31,15.82,18.26,19.34,19.01,19.08
0489-Anhanguera,Anhanguera,29.89,30.26,30.06,29.7,28.18,27.86,28.15,30.22,32.33,32.13,30.21,29.97,20.45,20.38,20.35,19.31,16.73,15.71,15.29,16.88,19.41,20.64,20.28,20.47
0492-Anicuns,Anicuns,30.91,31.31,31.43,31.77,31.04,30.59,31.0,33.08,34.91,33.82,31.27,30.84,19.96,19.86,19.78,18.91,16.32,14.92,14.46,16.2,19.04,20.23,20.03,20.17
0515-Aparecida_de_Goiania,Aparecida de Goiânia,30.2,30.49,30.55,30.72,29.76,29.43,29.79,31.83,33.72,32.84,30.54,30.24,20.27,20.13,20.11,19.13,16.4,14.87,14.26,16.07,19.12,20.39,20.31,20.42
0516-Aparecida_do_Rio_Doce,Aparecida do Rio Doce,30.52,31.09,31.05,30.68,29.06,29.13,29.75,31.82,33.7,32.97,31.23,30.81,20.11,20.0,19.9,18.53,15.18,13.9,13.07,14.67,17.83,19.72,19.88,20.22
0528-Apore,Apore,30.88,31.31,31.22,30.81,28.76,28.73,29.36,31.42,33.17,32.74,31.44,31.22,20.37,20.24,20.05,18.52,15.1,13.85,12.95,14.52,17.66,19.66,19.92,20.42
0550-Aracu,Araçu,30.56,30.91,31.0,31.3,30.5,30.07,30.47,32.52,34.37,33.38,30.92,30.52,19.98,19.88,19.82,18.93,16.36,14.92,14.44,16.17,19.03,20.22,20.04,20.15
0552-Aragarcas,Aragarças,31.93,32.27,32.48,33.09,32.54,32.56,33.1,35.38,36.89,35.66,33.11,32.21,22.07,22.02,22.0,21.26,18.48,16.59,15.65,17.5,20.78,22.58,22.42,22.34
0553-Aragoiania,Aragoiânia,30.18,30.5,30.56,30.7,29.7,29.3,29.67,31.72,33.64,32.79,30.5,30.19,20.06,19.94,19.89,18.89,16.14,14.62,14.04,15.81,18.85,20.16,20.08,20.22
0562-Araguapaz,Araguapaz,32.47,32.7,32.97,33.63,33.58,33.23,33.63,35.64,37.21,35.92,33.17,32.52,21.65,21.63,21.6,20.96,18.65,17.0,16.42,18.2,21.01,22.2,22.0,21.93
0619-Arenopolis,Arenópolis,31.58,31.99,32.13,32.55,31.88,31.73,32.18,34.31,35.9,34.87,32.44,31.73,21.15,21.08,21.03,20.08,17.36,15.82,15.21,16.99,20.01,21.46,21.32,21.34
0643-Aruana,Aruanã,33.1,33.37,33.65,34.32,34.41,34.15,34.6,36.64,38.13,36.76,34.01,33.19,22.46,22.45,22.51,21.92,19.57,17.85,17.16,18.9,21.72,23.07,22.88,22.75
0673-Aurilandia,Aurilândia,31.29,31.76,31.88,32.03,31.12,30.99,31.43,33.51,35.35,34.43,31.97,31.29,20.7,20.6,20.56,19.64,16.93,15.74,15.36,17.08,19.92,21.05,20.81,20.88
0684-Avelinopolis,Avelinópolis,30.95,31.32,31.42,31.68,30.84,30.48,30.86,32.91,34.77,33.79,31.32,30.88,20.17,20.05,20.02,19.09,16.42,15.04,14.55,16.26,19.13,20.4,20.26,20.36
0706-Baliza,Baliza,30.86,31.24,31.4,31.85,31.08,30.91,31.46,33.69,35.23,34.09,31.79,31.13,20.94,20.88,20.77,19.84,17.01,15.18,14.31,16.09,19.4,21.13,21.06,21.15
0790-Barro_Alto,Barro Alto,30.37,30.58,30.75,31.16,30.83,30.36,30.64,32.59,34.39,33.37,30.87,30.36,20.29,20.24,20.22,19.69,17.58,16.27,15.78,17.53,19.97,20.96,20.68,20.51
0812-Bela_Vista_de_Goias,Bela Vista de Goiás,30.1,30.41,30.45,30.5,29.4,28.97,29.32,31.35,33.35,32.64,30.41,30.1,19.83,19.7,19.66,18.56,15.8,14.29,13.67,15.39,18.37,19.84,19.86,20.0
0906-Bom_Jardim_de_Goias,Bom Jardim de Goiás,31.41,31.77,31.95,32.49,31.87,31.74,32.27,34.5,36.04,34.87,32.4,31.66,21.43,21.37,21.3,20.46,17.67,15.79,14.91,16.74,20.03,21.78,21.65,21.67
0917-Bom_Jesus_de_Goias,Bom Jesus de Goiás,31.34,31.8,31.79,31.5,29.93,29.57,30.13,32.14,34.34,33.99,32.02,31.58,20.58,20.49,20.42,19.15,15.94,14.68,14.05,15.89,18.87,20.44,20.4,20.74
0943-Bonfinopolis,Bonfinópolis,29.92,30.21,30.27,30.49,29.45,28.94,29.3,31.37,33.27,32.48,30.22,29.88,19.9,19.75,19.7,18.75,16.15,14.64,14.02,15.71,18.62,19.94,19.84,19.97
0952-Bonopolis,Bonópolis,32.8,32.99,33.29,33.98,34.51,34.29,34.71,36.55,37.97,36.39,33.64,32.86,21.98,22.05,22.13,21.83,19.92,18.09,17.38,18.95,21.55,22.7,22.42,22.27
0992-Brazabrantes,Brazabrantes,29.98,30.29,30.36,30.57,29.66,29.23,29.61,31.64,33.49,32.62,30.29,29.97,19.99,19.84,19.8,18.86,16.25,14.74,14.19,15.9,18.86,20.11,19.98,20.11
1012-Britania,Britânia,33.35,33.61,33.88,34.49,34.39,34.11,34.57,36.63,38.14,36.94,34.23,33.44,22.45,22.41,22.46,21.75,19.23,17.56,16.86,18.58,21.48,22.96,22.86,22.74
1032-Buriti_Alegre,Buriti Alegre,30.7,31.05,30.88,30.51,28.94,28.48,29.0,31.13,33.37,33.09,31.17,30.87,20.19,20.08,19.95,18.51,15.21,13.74,13.09,14.99,18.25,19.9,20.01,20.36
1034-Buriti_de_Goias,Buriti de Goiás,31.52,31.96,32.14,32.62,32.2,31.93,32.35,34.48,36.2,34.9,32.18,31.58,20.96,20.92,20.88,20.21,17.92,16.59,16.26,18.18,20.86,21.59,21.17,21.17
1039-Buritinopolis,Buritinópolis,30.48,30.42,30.46,30.6,30.27,29.64,29.69,31.27,33.41,33.34,30.73,30.35,20.55,20.49,20.59,20.38,18.91,17.72,17.13,18.36,20.53,21.61,20.89,20.71
1054-Cabeceiras,Cabeceiras,29.07,29.26,29.16,28.91,28.07,27.44,27.57,29.42,31.56,31.51,29.08,28.97,19.12,19.07,19.05,18.25,15.86,14.16,13.58,15.01,17.63,19.28,19.2,19.3
1071-Cachoeira_Alta,Cachoeira Alta,31.02,31.52,31.47,31.11,29.33,29.17,29.76,31.72,33.75,33.3,31.65,31.34,20.5,20.37,20.25,18.91,15.61,14.45,13.67,15.22,18.27,20.1,20.19,20.61
1073-Cachoeira_de_Goias,Cachoeira de Goiás,31.16,31.65,31.75,31.92,31.02,30.86,31.31,33.38,35.21,34.29,31.87,31.2,20.57,20.48,20.41,19.48,16.76,15.52,15.13,16.86,19.71,20.88,20.65,20.74
1080-Cachoeira_Dourada,Cachoeira Dourada,31.06,31.47,31.39,31.11,29.43,29.09,29.67,31.72,33.96,33.68,31.84,31.46,20.78,20.66,20.6,19.24,15.94,14.65,14.01,15.9,18.95,20.54,20.57,20.91
1096-Cacu,Caçu,31.28,31.75,31.66,31.28,29.39,29.26,29.81,31.82,33.81,33.42,31.91,31.62,20.8,20.67,20.53,19.08,15.68,14.55,13.72,15.25,18.35,20.29,20.46,20.89
1111-Caiaponia,Caiapônia,30.15,30.66,30.72,30.85,29.77,29.57,30.11,32.24,33.9,32.89,30.83,30.32,20.01,19.95,19.81,18.63,15.69,14.24,13.59,15.29,18.41,19.93,19.95,20.16
1138-Caldas_Novas,Caldas Novas,30.71,31.02,30.79,30.46,29.04,28.53,28.91,31.0,33.24,32.96,30.97,30.68,19.99,19.91,19.85,18.52,15.41,13.95,13.32,15.13,18.23,19.91,19.98,20.17
1139-Caldazinha,Caldazinha,30.02,30.31,30.37,30.51,29.47,29.05,29.4,31.46,33.37,32.59,30.34,30.01,19.95,19.81,19.77,18.76,16.09,14.6,13.97,15.68,18.63,20.0,19.95,20.08
1171-Campestre_de_Goias,Campestre de Goiás,31.28,31.63,31.72,31.88,30.92,30.73,31.12,33.16,35.0,34.13,31.74,31.21,20.63,20.52,20.53,19.54,16.75,15.45,14.93,16.62,19.56,20.87,20.78,20.82
1180-Campinacu,Campinaçu,31.31,31.46,31.68,32.25,32.28,31.91,32.15,33.91,35.61,34.59,32.0,31.3,21.03,21.01,21.14,20.79,18.99,17.3,16.67,18.27,20.68,21.84,21.47,21.28
1185-Campinorte,Campinorte,31.34,31.54,31.75,32.39,32.5,32.03,32.36,34.16,35.84,34.58,31.96,31.37,20.79,20.82,20.85,20.47,18.56,16.79,16.16,17.81,20.39,21.51,21.2,21.08
1188-Campo_Alegre_de_Goias,Campo Alegre de Goiás,29.45,29.78,29.61,29.29,27.91,27.18,27.46,29.5,31.75,31.66,29.56,29.42,19.41,19.33,19.24,18.09,15.38,13.92,13.38,14.88,17.8,19.39,19.36,19.51
5773-Campo_Limpo_de_Goias,Campo Limpo de Goiás,28.84,29.1,29.19,29.45,28.49,27.83,28.16,30.2,32.05,31.29,29.03,28.68,19.21,19.12,19.05,18.35,16.2,14.83,14.34,15.88,18.36,19.41,19.08,19.17
1216-Campos_Belos,Campos Belos,30.66,30.44,30.67,31.02,31.13,30.5,30.61,32.18,34.19,33.79,31.15,30.66,20.43,20.32,20.4,20.2,18.79,17.29,16.79,18.06,20.37,21.45,20.77,20.67
1226-Campos_Verdes,Campos Verdes,32.63,32.81,33.07,33.78,34.02,33.72,34.14,36.03,37.58,36.11,33.4,32.65,21.79,21.86,21.89,21.49,19.44,17.83,17.23,18.91,21.48,22.58,22.3,22.11
1360-Carmo_do_Rio_Verde,Carmo do Rio Verde,32.07,32.26,32.44,32.95,32.6,32.27,32.63,34.63,36.34,35.19,32.53,32.0,20.52,20.48,20.42,19.48,16.78,14.92,14.29,15.96,19.09,20.71,20.78,20.77
1399-Castelandia,Castelândia,31.41,31.97,31.99,31.72,30.1,29.9,30.51,32.47,34.48,34.05,32.14,31.62,20.47,20.35,20.29,19.09,15.96,14.84,14.21,15.86,18.74,20.34,20.27,20.62
1406-Catalao,Catalão,29.48,29.84,29.67,29.3,27.83,27.26,27.53,29.55,31.73,31.65,29.62,29.46,19.74,19.67,19.61,18.55,15.99,14.75,14.3,15.79,18.4,19.81,19.6,19.78
1422-Caturai,Caturaí,30.42,30.75,30.83,31.07,30.19,29.82,30.21,32.23,34.1,33.17,30.78,30.4,20.14,20.02,19.99,19.05,16.43,14.98,14.49,16.22,19.12,20.36,20.19,20.3
1427-Cavalcante,Cavalcante,30.39,30.38,30.54,30.9,30.85,30.18,30.45,32.18,34.13,33.33,30.81,30.26,20.02,20.02,20.07,19.69,17.9,16.2,15.5,16.93,19.36,20.71,20.31,20.19
1451-Ceres,Ceres,32.26,32.4,32.55,33.07,32.73,32.4,32.72,34.7,36.39,35.31,32.69,32.18,20.41,20.38,20.28,19.22,16.31,14.21,13.48,15.11,18.46,20.41,20.68,20.68
1464-Cezarina,Cezarina,31.32,31.69,31.78,31.86,30.77,30.55,30.99,33.05,34.93,34.13,31.81,31.27,20.56,20.46,20.44,19.44,16.58,15.3,14.83,16.51,19.44,20.77,20.68,20.77
1476-Chapadao_do_Ceu,Chapadão do Céu,30.2,30.71,30.69,30.36,28.39,28.35,29.06,31.04,32.68,32.12,30.77,30.5,19.78,19.66,19.5,18.14,14.96,13.79,13.06,14.68,17.59,19.25,19.42,19.83
1499-Cidade_Ocidental,Cidade Ocidental,28.36,28.61,28.49,28.31,27.45,26.89,27.13,29.06,31.05,30.78,28.6,28.35,18.8,18.66,18.67,17.88,15.59,14.21,13.71,15.15,17.59,18.97,18.91,18.99
1518-Cocalzinho_de_Goias,Cocalzinho de Goiás,28.58,28.82,28.82,28.93,28.28,27.71,27.97,29.91,31.77,31.13,28.77,28.57,18.86,18.79,18.73,18.07,15.89,14.59,14.05,15.62,18.09,19.19,18.97,19.01
1532-Colinas_do_Sul,Colinas do Sul,30.79,30.82,31.01,31.41,31.29,30.76,31.02,32.82,34.67,33.84,31.37,30.71,20.56,20.53,20.63,20.21,18.39,16.87,16.22,17.78,20.07,21.32,20.96,20.77
1637-Corrego_do_Ouro,Córrego do Ouro,31.55,31.99,32.13,32.51,31.88,31.68,32.11,34.19,35.93,34.83,32.25,31.6,20.91,20.85,20.81,20.0,17.47,16.16,15.8,17.62,20.41,21.38,21.09,21.11
1646-Corumba_de_Goias,Corumbá de Goiás,28.57,28.83,28.85,28.99,28.27,27.65,27.93,29.89,31.74,31.05,28.72,28.53,18.77,18.7,18.62,17.91,15.7,14.35,13.8,15.38,17.91,19.0,18.79,18.87
1647-Corumbaiba,Corumbaíba,30.41,30.76,30.54,30.19,28.65,28.28,28.65,30.75,32.91,32.68,30.77,30.5,20.37,20.28,20.21,18.97,16.02,14.78,14.25,15.98,18.89,20.34,20.24,20.47
1682-Cristalina,Cristalina,28.91,29.21,29.07,28.8,27.66,26.9,27.12,29.12,31.33,31.34,29.12,28.86,18.92,18.8,18.79,17.88,15.49,14.13,13.57,14.92,17.52,18.98,18.9,19.02
1684-Cristianopolis,Cristianópolis,30.09,30.41,30.39,30.29,29.04,28.5,28.86,30.9,33.03,32.51,30.33,30.08,19.52,19.4,19.33,18.08,15.15,13.54,12.9,14.63,17.74,19.43,19.56,19.73
1689-Crixas,Crixás,32.4,32.62,32.89,33.55,33.65,33.31,33.7,35.64,37.22,35.81,33.1,32.41,21.63,21.65,21.62,21.05,18.77,17.08,16.45,18.17,20.95,22.19,22.01,21.9
1692-Crominia,Cromínia,30.52,30.86,30.92,30.92,29.77,29.36,29.76,31.8,33.82,33.13,30.91,30.51,20.09,19.98,19.94,18.84,15.97,14.51,13.93,15.69,18.71,20.14,20.12,20.27
1716-Cumari,Cumari,29.82,30.18,29.99,29.62,28.11,27.77,28.06,30.13,32.25,32.04,30.11,29.89,20.4,20.34,20.3,19.28,16.73,15.7,15.29,16.88,19.39,20.61,20.22,20.41
1744-Damianopolis,Damianópolis,30.38,30.36,30.34,30.4,29.95,29.22,29.28,30.89,33.04,33.06,30.42,30.16,20.08,20.05,20.09,19.7,17.98,16.6,15.92,17.15,19.53,20.8,20.33,20.22
1746-Damolandia,Damolândia,29.73,30.03,30.12,30.36,29.48,29.0,29.36,31.39,33.23,32.36,30.02,29.7,19.74,19.62,19.57,18.7,16.23,14.79,14.25,15.92,18.73,19.91,19.71,19.84
1752-Davinopolis,Davinópolis,29.82,30.17,29.98,29.59,28.11,27.69,27.96,29.98,32.12,32.01,30.04,29.8,20.18,20.11,20.08,19.04,16.51,15.37,14.93,16.49,18.99,20.32,20.06,20.19
1782-Diorama,Diorama,31.9,32.31,32.42,32.9,32.33,32.13,32.53,34.63,36.21,35.24,32.73,32.02,21.15,21.1,21.03,20.12,17.49,16.0,15.5,17.28,20.21,21.53,21.35,21.35
1793-Divinopolis_de_Goias,Divinópolis de Goiás,30.94,30.76,30.95,31.27,31.28,30.69,30.81,32.39,34.42,34.03,31.39,30.87,20.68,20.6,20.71,20.47,18.94,17.58,17.11,18.46,20.71,21.76,21.08,20.91
1847-Doverlandia,Doverlândia,30.53,30.98,31.06,31.28,30.19,30.1,30.69,32.85,34.42,33.41,31.41,30.79,20.45,20.39,20.29,19.13,16.19,14.67,13.91,15.59,18.77,20.4,20.44,20.61
1859-Edealina,Edealina,31.56,31.95,32.03,31.97,30.7,30.46,30.94,32.99,35.0,34.37,32.13,31.57,20.53,20.45,20.44,19.5,16.56,15.39,14.88,16.65,19.45,20.75,20.59,20.74
1860-Edeia,Edéia,31.64,32.08,32.16,32.08,30.79,30.6,31.1,33.15,35.15,34.5,32.29,31.7,20.64,20.55,20.53,19.55,16.56,15.42,14.91,16.66,19.46,20.8,20.67,20.83
1938-Estrela_do_Norte,Estrela do Norte,31.96,32.17,32.39,33.06,33.36,32.98,33.34,35.14,36.72,35.37,32.68,32.03,21.14,21.21,21.28,20.96,19.14,17.35,16.65,18.26,20.79,21.93,21.59,21.45
1955-Faina,Faina,31.99,32.3,32.55,33.16,32.99,32.64,33.06,35.13,36.75,35.42,32.66,32.05,21.28,21.25,21.22,20.57,18.3,16.74,16.25,18.12,20.89,21.87,21.58,21.53
1971-Fazenda_Nova,Fazenda Nova,31.88,32.29,32.44,32.9,32.4,32.21,32.62,34.71,36.35,35.27,32.68,32.0,21.2,21.15,21.11,20.3,17.76,16.34,15.91,17.74,20.56,21.68,21.42,21.4
2008-Firminopolis,Firminópolis,31.44,31.9,32.02,32.21,31.33,31.16,31.59,33.66,35.5,34.55,32.04,31.39,20.71,20.61,20.58,19.67,16.97,15.77,15.38,17.09,19.94,21.08,20.85,20.9
2018-Flores_de_Goias,Flores de Goiás,31.18,31.11,31.25,31.17,30.6,29.9,30.08,31.82,33.98,33.78,31.26,30.89,20.21,20.16,20.25,19.67,17.72,16.29,15.63,16.97,19.26,20.65,20.46,20.31
2036-Formosa,Formosa,29.29,29.42,29.41,29.24,28.53,27.93,28.1,29.95,32.0,31.84,29.46,29.2,19.36,19.33,19.38,18.69,16.49,15.0,14.42,15.85,18.21,19.68,19.53,19.52
2041-Formoso,Formoso,31.74,31.93,32.14,32.8,33.08,32.67,33.03,34.82,36.42,35.14,32.45,31.82,20.99,21.04,21.12,20.81,18.99,17.19,16.44,18.02,20.55,21.75,21.43,21.29
5774-Gameleira_de_Goias,Gameleira de Goiás,29.35,29.64,29.67,29.84,28.76,28.13,28.46,30.57,32.55,31.88,29.61,29.24,19.18,19.07,19.02,18.16,15.81,14.45,13.88,15.4,17.99,19.27,19.14,19.21
2136-Goianapolis,Goianápolis,29.92,30.21,30.27,30.53,29.49,28.97,29.34,31.42,33.3,32.5,30.22,29.87,19.94,19.79,19.74,18.8,16.19,14.67,14.06,15.75,18.67,19.98,19.88,20.0
2137-Goiandira,Goiandira,29.87,30.21,30.04,29.67,28.19,27.83,28.11,30.19,32.3,32.09,30.11,29.91,20.33,20.27,20.22,19.19,16.64,15.53,15.13,16.73,19.3,20.56,20.18,20.36
2138-Goianesia,Goianésia,30.29,30.53,30.69,31.1,30.66,30.17,30.51,32.5,34.27,33.21,30.64,30.27,19.82,19.75,19.65,18.98,16.65,15.2,14.6,16.33,19.04,20.21,20.07,20.03
0230-Goiania,Goiânia,30.24,30.53,30.59,30.77,29.82,29.5,29.87,31.91,33.77,32.9,30.59,30.28,20.35,20.19,20.17,19.17,16.42,14.88,14.24,16.03,19.13,20.44,20.38,20.48
2141-Goianira,Goianira,30.23,30.55,30.61,30.81,29.88,29.52,29.9,31.94,33.79,32.91,30.57,30.23,20.19,20.04,20.02,19.03,16.35,14.84,14.27,16.01,19.04,20.31,20.22,20.33
2143-Goias,Goiás,31.43,31.88,32.09,32.69,32.42,32.09,32.5,34.69,36.36,34.91,32.14,31.51,21.02,20.99,20.98,20.42,18.34,17.03,16.72,18.72,21.26,21.77,21.28,21.25
2145-Goiatuba,Goiatuba,31.11,31.56,31.57,31.26,29.77,29.38,29.9,31.98,34.18,33.78,31.7,31.24,20.29,20.22,20.15,18.92,15.76,14.43,13.81,15.68,18.67,20.21,20.17,20.49
2153-Gouvelandia,Gouvelândia,31.77,32.23,32.23,31.95,30.21,29.94,30.51,32.4,34.54,34.3,32.52,32.07,20.96,20.83,20.77,19.48,16.31,15.27,14.61,16.3,19.13,20.76,20.7,21.07
2207-Guapo,Guapó,30.72,31.05,31.12,31.26,30.27,29.97,30.35,32.4,34.29,33.44,31.11,30.69,20.36,20.24,20.21,19.22,16.45,15.04,14.51,16.24,19.22,20.52,20.43,20.53
2220-Guaraita,Guaraíta,30.73,31.14,31.37,31.97,31.71,31.19,31.61,33.78,35.49,34.02,31.22,30.77,20.35,20.32,20.24,19.7,17.64,16.18,15.88,17.87,20.5,21.0,20.5,20.57
2226-Guarani_de_Goias,Guarani de Goiás,30.24,30.13,30.21,30.43,30.24,29.61,29.65,31.2,33.31,33.17,30.57,30.17,20.6,20.53,20.63,20.55,19.25,18.07,17.54,18.77,20.84,21.85,20.96,20.77
2244-Guarinos,Guarinos,31.69,31.87,32.14,32.72,32.66,32.22,32.56,34.5,36.17,34.84,32.21,31.62,20.92,20.92,20.83,20.1,17.62,15.81,15.11,16.82,19.82,21.26,21.24,21.18
2264-Heitorai,Heitoraí,31.05,31.38,31.55,32.08,31.66,31.23,31.65,33.74,35.49,34.22,31.55,31.05,20.3,20.26,20.19,19.48,17.17,15.68,15.23,17.04,19.8,20.75,20.48,20.51
2272-Hidrolandia,Hidrolândia,30.22,30.53,30.59,30.7,29.66,29.27,29.64,31.69,33.62,32.82,30.55,30.23,20.08,19.95,19.91,18.88,16.12,14.6,14.01,15.78,18.8,20.15,20.1,20.24
2273-Hidrolina,Hidrolina,31.06,31.26,31.5,32.04,31.85,31.31,31.63,33.53,35.29,34.04,31.52,31.01,20.45,20.44,20.33,19.58,17.1,15.33,14.64,16.36,19.33,20.76,20.77,20.71
2285-Iaciara,Iaciara,31.24,31.13,31.27,31.4,31.1,30.59,30.69,32.32,34.42,34.19,31.63,31.08,21.03,20.96,21.12,20.86,19.36,18.23,17.66,18.96,21.01,22.1,21.44,21.17
2396-Inaciolandia,Inaciolândia,31.34,31.78,31.75,31.47,29.78,29.47,30.03,32.02,34.24,33.95,32.12,31.72,20.84,20.73,20.66,19.32,16.07,14.88,14.23,16.04,19.0,20.62,20.6,20.96
2409-Indiara,Indiara,31.41,31.83,31.92,32.0,30.86,30.67,31.13,33.19,35.1,34.31,32.01,31.43,20.66,20.56,20.5,19.52,16.59,15.36,14.9,16.61,19.48,20.83,20.74,20.85
2422-Inhumas,Inhumas,30.1,30.41,30.5,30.75,29.9,29.45,29.84,31.86,33.73,32.8,30.42,30.08,19.89,19.77,19.71,18.81,16.27,14.8,14.3,16.01,18.88,20.08,19.9,20.02
2428-Ipameri,Ipameri,29.78,30.1,29.93,29.65,28.31,27.7,27.99,30.05,32.25,32.07,29.98,29.78,19.68,19.59,19.51,18.31,15.46,13.99,13.43,15.04,18.05,19.69,19.69,19.82
5775-Ipiranga_de_Goias,Ipiranga de Goiás,31.93,32.07,32.29,32.79,32.5,32.13,32.43,34.41,36.1,34.97,32.35,31.81,20.5,20.47,20.35,19.31,16.43,14.37,13.62,15.3,18.62,20.52,20.78,20.77
2450-Ipora,Iporá,31.55,32.0,32.07,32.5,31.87,31.69,32.08,34.13,35.76,34.88,32.38,31.68,20.83,20.78,20.69,19.74,17.09,15.71,15.3,17.07,19.95,21.2,20.97,21.0
2488-Israelandia,Israelândia,31.68,32.13,32.23,32.64,32.02,31.85,32.25,34.31,35.98,35.02,32.49,31.8,20.96,20.92,20.86,19.97,17.35,16.01,15.63,17.43,20.24,21.39,21.14,21.15
2497-Itaberai,Itaberaí,30.65,31.01,31.13,31.6,31.04,30.54,30.98,33.08,34.88,33.68,31.08,30.66,19.89,19.83,19.73,18.97,16.58,15.1,14.64,16.44,19.26,20.24,19.98,20.09
2520-Itaguari,Itaguari,30.64,30.93,31.04,31.48,30.89,30.44,30.86,32.91,34.74,33.63,31.08,30.65,19.88,19.82,19.75,18.93,16.49,15.0,14.47,16.18,19.03,20.16,19.99,20.06
2521-Itaguaru,Itaguaru,30.78,31.06,31.2,31.65,31.12,30.67,31.06,33.09,34.9,33.78,31.2,30.77,19.96,19.9,19.83,19.02,16.57,15.03,14.49,16.2,19.06,20.25,20.09,20.15
2534-Itaja,Itajá,31.61,32.01,31.85,31.43,29.26,29.03,29.57,31.64,33.57,33.41,32.19,32.06,21.14,21.01,20.77,19.19,15.63,14.48,13.53,15.08,18.27,20.4,20.64,21.2
2564-Itapaci,Itapaci,31.37,31.53,31.8,32.32,32.09,31.62,31.93,33.89,35.6,34.37,31.78,31.25,20.52,20.5,20.36,19.43,16.69,14.76,13.98,15.69,18.92,20.63,20.8,20.78
2589-Itapirapua,Itapirapuã,32.59,32.93,33.16,33.72,33.47,33.32,33.76,35.85,37.42,36.16,33.45,32.7,21.88,21.85,21.87,21.18,18.78,17.33,16.83,18.66,21.42,22.5,22.23,22.12
2606-Itapuranga,Itapuranga,31.32,31.62,31.84,32.39,32.08,31.64,32.05,34.13,35.84,34.54,31.8,31.3,20.48,20.45,20.38,19.67,17.33,15.73,15.27,17.1,19.93,20.94,20.68,20.71
2617-Itaruma,Itarumã,31.39,31.83,31.72,31.32,29.32,29.18,29.74,31.78,33.71,33.38,32.0,31.77,20.89,20.76,20.58,19.05,15.57,14.41,13.52,15.06,18.22,20.27,20.49,20.96
2630-Itaucu,Itauçu,30.15,30.47,30.56,30.88,30.11,29.61,30.01,32.05,33.92,32.93,30.49,30.14,19.71,19.62,19.54,18.68,16.19,14.71,14.21,15.92,18.77,19.93,19.73,19.86
2649-Itumbiara,Itumbiara,31.24,31.61,31.46,31.13,29.5,29.12,29.71,31.79,34.06,33.78,31.91,31.54,20.67,20.54,20.44,19.0,15.64,14.3,13.62,15.57,18.75,20.4,20.47,20.83
2664-Ivolandia,Ivolândia,31.33,31.8,31.88,32.18,31.4,31.26,31.69,33.75,35.46,34.53,32.13,31.44,20.7,20.63,20.55,19.57,16.83,15.5,15.07,16.82,19.72,20.99,20.8,20.86
2716-Jandaia,Jandaia,31.32,31.79,31.89,31.97,30.84,30.73,31.18,33.25,35.15,34.35,31.99,31.35,20.7,20.59,20.52,19.54,16.65,15.47,15.04,16.74,19.59,20.91,20.77,20.88
2738-Jaragua,Jaraguá,30.64,30.9,31.04,31.43,30.87,30.49,30.84,32.83,34.59,33.56,31.04,30.63,19.94,19.87,19.82,19.0,16.54,15.04,14.44,16.11,18.96,20.2,20.1,20.12
2755-Jatai,Jataí,30.29,30.83,30.76,30.44,28.83,28.94,29.58,31.73,33.44,32.6,30.91,30.53,19.84,19.75,19.59,18.02,14.49,12.98,12.12,13.75,17.22,19.28,19.56,19.94
2765-Jaupaci,Jaupaci,31.95,32.37,32.48,32.94,32.39,32.23,32.62,34.7,36.29,35.34,32.8,32.08,21.19,21.14,21.09,20.21,17.61,16.21,15.79,17.59,20.41,21.63,21.4,21.38
2782-Jesupolis,Jesúpolis,30.22,30.51,30.63,30.95,30.25,29.85,30.21,32.22,34.02,33.05,30.62,30.22,19.89,19.8,19.77,18.96,16.54,15.15,14.6,16.26,18.99,20.14,19.96,20.02
2819-Joviania,Joviânia,31.32,31.71,31.77,31.54,30.12,29.75,30.24,32.31,34.46,34.02,31.84,31.36,20.21,20.15,20.11,19.04,15.97,14.68,14.08,15.93,18.83,20.26,20.14,20.42
2861-Jussara,Jussara,32.75,33.05,33.29,33.85,33.57,33.38,33.83,35.95,37.47,36.3,33.66,32.88,22.0,21.96,21.96,21.19,18.63,17.01,16.36,18.14,21.07,22.5,22.36,22.27
5776-Lagoa_Santa,Lagoa Santa,31.64,32.03,31.86,31.43,29.23,28.96,29.5,31.59,33.53,33.41,32.22,32.11,21.24,21.11,20.85,19.28,15.68,14.56,13.6,15.16,18.36,20.51,20.74,21.3
2966-Leopoldo_de_Bulhoes,Leopoldo de Bulhões,29.75,30.05,30.11,30.3,29.17,28.57,28.91,31.03,33.0,32.28,30.03,29.66,19.49,19.36,19.3,18.38,15.89,14.44,13.84,15.43,18.17,19.51,19.41,19.53
3022-Luziania,Luziânia,28.76,29.06,28.96,28.83,27.8,27.16,27.41,29.38,31.48,31.21,28.99,28.73,18.98,18.85,18.85,17.98,15.66,14.31,13.77,15.24,17.78,19.14,19.05,19.11
3061-Mairipotaba,Mairipotaba,30.79,31.15,31.21,31.16,29.96,29.58,30.0,32.05,34.09,33.44,31.23,30.78,20.23,20.13,20.09,18.99,16.06,14.65,14.09,15.86,18.86,20.3,20.27,20.43
3074-Mambai,Mambaí,30.1,30.06,30.06,30.16,29.79,29.03,29.07,30.65,32.81,32.81,30.18,29.94,20.0,19.96,19.99,19.7,18.1,16.72,16.07,17.32,19.58,20.84,20.24,20.16
3105-Mara_Rosa,Mara Rosa,32.04,32.22,32.46,33.16,33.41,32.99,33.38,35.24,36.84,35.41,32.71,32.07,21.24,21.31,21.33,20.98,19.06,17.32,16.72,18.38,20.97,22.02,21.69,21.56
3181-Marzagao,Marzagão,30.59,30.92,30.69,30.34,28.86,28.39,28.79,30.88,33.1,32.85,30.9,30.62,20.15,20.07,19.99,18.67,15.61,14.23,13.63,15.44,18.48,20.05,20.07,20.3
3216-Matrincha,Matrinchã,33.04,33.33,33.59,34.21,34.09,33.9,34.32,36.36,37.89,36.63,33.89,33.12,22.2,22.17,22.21,21.53,19.14,17.58,16.99,18.76,21.56,22.8,22.6,22.46
3224-Maurilandia,Maurilândia,31.51,32.09,32.1,31.82,30.25,30.1,30.7,32.71,34.7,34.22,32.25,31.69,20.51,20.39,20.35,19.13,15.96,14.83,14.18,15.82,18.77,20.41,20.37,20.68
3258-Mimoso_de_Goias,Mimoso de Goiás,28.82,29.0,29.05,29.18,28.69,28.0,28.2,30.1,32.05,31.43,29.06,28.77,19.13,19.07,19.04,18.47,16.35,14.95,14.46,16.09,18.51,19.62,19.33,19.33
3260-Minacu,Minaçu,31.64,31.72,31.91,32.54,32.78,32.42,32.74,34.49,36.23,35.14,32.43,31.69,21.0,21.04,21.15,20.81,18.95,17.09,16.18,17.66,20.15,21.73,21.45,21.27
3265-Mineiros,Mineiros,29.83,30.31,30.32,30.32,28.82,28.71,29.37,31.44,33.05,32.19,30.56,30.14,19.57,19.5,19.36,18.05,14.99,13.57,12.87,14.42,17.58,19.2,19.34,19.67
3304-Moipora,Moiçorá,31.48,31.94,32.04,32.37,31.65,31.48,31.9,33.96,35.69,34.73,32.24,31.56,20.79,20.74,20.68,19.77,17.12,15.82,15.44,17.22,20.05,21.17,20.93,20.97
3327-Monte_Alegre_de_Goias,Monte Alegre de Goiás,31.21,31.06,31.27,31.62,31.68,31.15,31.3,32.94,34.91,34.35,31.7,31.09,20.9,20.84,20.98,20.68,19.09,17.77,17.34,18.79,21.05,22.06,21.35,21.12
3359-Montes_Claros_de_Goias,Montes Claros de Goiás,32.42,32.77,32.97,33.5,33.04,32.92,33.37,35.54,37.04,35.93,33.38,32.56,21.81,21.75,21.74,20.89,18.25,16.62,15.94,17.75,20.75,22.28,22.14,22.06
3361-Montividiu,Montividiu,30.25,30.81,30.85,30.72,29.42,29.3,29.86,31.97,33.79,32.91,30.89,30.42,19.82,19.73,19.61,18.4,15.3,13.94,13.29,14.95,18.06,19.65,19.67,19.96
3362-Montividiu_do_Norte,Montividiu do Norte,32.12,32.27,32.47,33.17,33.64,33.35,33.72,35.5,37.04,35.68,32.92,32.23,21.34,21.41,21.54,21.3,19.52,17.57,16.66,18.13,20.69,22.07,21.8,21.64
3373-Morrinhos,Morrinhos,30.43,30.8,30.74,30.35,28.91,28.38,28.82,30.93,33.17,32.83,30.85,30.47,19.89,19.81,19.7,18.26,15.02,13.44,12.76,14.58,17.82,19.61,19.81,20.09
3376-Morro_Agudo_de_Goias,Morro Agudo de Goiás,31.25,31.49,31.73,32.29,32.08,31.51,31.91,33.95,35.64,34.37,31.63,31.22,20.27,20.25,20.12,19.35,16.91,15.05,14.49,16.28,19.31,20.58,20.44,20.53
3390-Mossamedes,Mossâmedes,30.98,31.43,31.6,32.12,31.7,31.27,31.69,33.85,35.59,34.23,31.52,31.01,20.45,20.4,20.33,19.7,17.5,16.15,15.84,17.78,20.43,21.05,20.61,20.67
3394-Mozarlandia,Mozarlândia,32.97,33.2,33.47,34.17,34.27,33.98,34.4,36.38,37.91,36.55,33.8,33.03,22.23,22.22,22.24,21.69,19.42,17.79,17.18,18.92,21.65,22.87,22.65,22.51
3408-Mundo_Novo,Mundo Novo,33.04,33.25,33.58,34.25,34.75,34.58,35.01,36.9,38.3,36.71,33.96,33.08,22.31,22.37,22.45,22.08,20.08,18.42,17.73,19.31,21.87,23.03,22.77,22.59
3425-Mutunopolis,Mutunópolis,32.38,32.57,32.81,33.51,33.9,33.55,33.94,35.77,37.3,35.86,33.12,32.45,21.4,21.47,21.55,21.26,19.44,17.64,16.92,18.53,21.09,22.2,21.86,21.72
3448-Nazario,Nazário,31.34,31.73,31.84,32.07,31.21,30.91,31.3,33.36,35.21,34.22,31.73,31.22,20.31,20.19,20.17,19.2,16.46,15.13,14.63,16.31,19.21,20.54,20.42,20.51
3451-Neropolis,Nerópolis,29.84,30.13,30.2,30.42,29.45,28.98,29.35,31.4,33.25,32.42,30.13,29.81,19.94,19.8,19.75,18.81,16.21,14.7,14.1,15.8,18.74,20.02,19.9,20.03
3462-Niquelandia,Niquelândia,30.19,30.32,30.54,30.9,30.66,30.06,30.26,32.13,33.98,33.1,30.65,30.11,20.22,20.18,20.21,19.75,17.81,16.37,15.9,17.63,20.01,20.99,20.57,20.43
3483-Nova_America,Nova América,31.45,31.66,31.9,32.46,32.29,31.78,32.13,34.13,35.82,34.54,31.87,31.41,20.49,20.48,20.33,19.51,16.96,15.02,14.39,16.14,19.24,20.71,20.72,20.76
3487-Nova_Aurora,Nova Aurora,30.13,30.47,30.27,29.91,28.43,28.08,28.37,30.45,32.58,32.37,30.41,30.17,20.39,20.31,20.26,19.13,16.4,15.23,14.78,16.41,19.15,20.51,20.29,20.45
3504-Nova_Crixas,Nova Crixás,32.97,33.21,33.53,34.2,34.59,34.42,34.86,36.83,38.27,36.67,33.9,33.02,22.35,22.38,22.44,22.01,19.89,18.19,17.52,19.19,21.87,23.05,22.78,22.63
3517-Nova_Gloria,Nova Glória,31.69,31.83,32.1,32.58,32.27,31.91,32.2,34.16,35.86,34.71,32.15,31.54,20.66,20.62,20.5,19.49,16.64,14.73,13.92,15.61,18.86,20.73,20.98,20.92
3524-Nova_Iguacu_de_Goias,Nova Iguaçu de Goiás,31.19,31.39,31.62,32.26,32.32,31.73,32.08,33.91,35.64,34.31,31.7,31.21,20.57,20.6,20.55,20.1,18.01,16.19,15.59,17.29,20.04,21.17,20.93,20.87
3560-Nova_Roma,Nova Roma,30.76,30.66,30.82,31.01,30.81,30.16,30.33,32.0,34.06,33.62,31.08,30.56,20.47,20.43,20.54,20.2,18.57,17.22,16.67,18.08,20.29,21.38,20.81,20.61
3577-Nova_Veneza,Nova Veneza,29.83,30.13,30.21,30.43,29.5,29.05,29.41,31.45,33.29,32.44,30.12,29.81,19.89,19.75,19.7,18.79,16.23,14.74,14.17,15.86,18.77,20.0,19.86,19.99
3587-Novo_Brasil,Novo Brasil,31.65,32.05,32.23,32.73,32.33,32.08,32.51,34.61,36.3,35.06,32.38,31.76,21.09,21.05,21.01,20.31,17.91,16.48,16.1,17.99,20.76,21.65,21.3,21.3
3590-Novo_Gama,Novo Gama,28.24,28.51,28.38,28.25,27.4,26.8,27.05,28.98,30.96,30.65,28.44,28.24,18.75,18.64,18.61,17.87,15.62,14.26,13.76,15.28,17.71,18.98,18.83,18.91
3606-Novo_Planalto,Novo Planalto,32.72,32.93,33.2,33.87,34.45,34.3,34.74,36.6,37.98,36.35,33.57,32.81,21.96,22.05,22.14,21.9,20.1,18.21,17.46,19.03,21.58,22.71,22.41,22.25
3649-Orizona,Orizona,29.86,30.17,30.12,30.01,28.73,28.12,28.45,30.49,32.66,32.3,30.09,29.85,19.26,19.12,19.07,17.84,15.01,13.5,12.83,14.42,17.43,19.19,19.36,19.46
3677-Ouro_Verde_de_Goias,Ouro Verde de Goiás,29.25,29.53,29.62,29.85,28.95,28.38,28.72,30.75,32.59,31.77,29.47,29.18,19.43,19.32,19.25,18.45,16.1,14.67,14.14,15.76,18.46,19.58,19.34,19.47
3682-Ouvidor,Ouvidor,29.83,30.18,30.02,29.62,28.14,27.76,28.02,30.06,32.22,32.04,30.06,29.85,20.38,20.32,20.29,19.32,16.9,15.85,15.45,17.06,19.48,20.66,20.21,20.36
3692-Padre_Bernardo,Padre Bernardo,28.66,28.88,28.84,28.85,28.19,27.68,27.91,29.83,31.74,31.27,28.96,28.65,19.16,19.1,19.11,18.5,16.33,15.1,14.61,16.12,18.46,19.62,19.37,19.34
3708-Palestina_de_Goias,Palestina de Goiás,30.93,31.4,31.5,31.79,30.94,30.76,31.22,33.31,34.98,33.99,31.69,31.06,20.56,20.5,20.4,19.34,16.55,15.14,14.61,16.35,19.34,20.73,20.62,20.71
3730-Palmeiras_de_Goias,Palmeiras de Goiás,31.57,31.97,32.08,32.2,31.23,31.05,31.48,33.56,35.37,34.48,32.03,31.45,20.54,20.43,20.4,19.41,16.54,15.26,14.8,16.42,19.42,20.76,20.66,20.74
3733-Palmelo,Palmelo,30.0,30.3,30.22,30.06,28.75,28.15,28.52,30.59,32.75,32.33,30.18,30.02,19.46,19.34,19.23,17.91,14.83,13.08,12.38,14.18,17.49,19.39,19.55,19.69
3734-Palminopolis,Palminópolis,31.46,31.9,32.02,32.12,31.11,30.98,31.42,33.5,35.35,34.48,32.02,31.37,20.64,20.54,20.49,19.53,16.71,15.51,15.11,16.76,19.69,20.93,20.76,20.84
3741-Panama,Panamá,30.96,31.37,31.27,30.9,29.32,28.85,29.45,31.54,33.85,33.53,31.59,31.21,20.42,20.32,20.21,18.78,15.46,14.06,13.39,15.36,18.54,20.18,20.26,20.61
3777-Paranaiguara,Paranaiguara,31.51,31.96,31.88,31.53,29.61,29.24,29.79,31.67,33.86,33.66,32.07,31.82,21.0,20.86,20.75,19.37,16.11,15.14,14.42,15.87,18.8,20.6,20.65,21.1
3793-Parauna,Paraúna,31.05,31.56,31.65,31.69,30.59,30.5,30.96,33.05,34.9,34.07,31.76,31.11,20.51,20.4,20.34,19.35,16.49,15.32,14.87,16.56,19.41,20.71,20.54,20.68
3938-Perolandia,Perolândia,29.52,30.05,30.02,29.95,28.51,28.34,29.02,31.16,32.79,31.91,30.18,29.82,19.24,19.18,19.0,17.62,14.45,12.92,12.21,13.72,17.09,18.81,18.97,19.36
3945-Petrolina_de_Goias,Petrolina de Goiás,29.52,29.8,29.9,30.17,29.35,28.84,29.19,31.19,33.02,32.14,29.79,29.48,19.51,19.41,19.35,18.55,16.18,14.77,14.24,15.88,18.58,19.7,19.48,19.59
3966-Pilar_de_Goias,Pilar de Goiás,31.26,31.45,31.7,32.29,32.25,31.69,32.03,33.93,35.64,34.31,31.72,31.22,20.56,20.57,20.47,19.82,17.45,15.59,14.92,16.63,19.59,20.94,20.87,20.84
4007-Piracanjuba,Piracanjuba,30.48,30.81,30.8,30.65,29.4,28.93,29.32,31.37,33.51,32.98,30.86,30.48,20.01,19.9,19.86,18.6,15.6,14.09,13.44,15.22,18.3,19.95,20.05,20.21
4023-Piranhas,Piranhas,31.14,31.56,31.7,32.08,31.31,31.15,31.65,33.8,35.39,34.32,31.99,31.32,20.96,20.89,20.82,19.83,17.03,15.41,14.7,16.47,19.6,21.17,21.08,21.14
4037-Pirenopolis,Pirenópolis,29.47,29.75,29.84,30.14,29.57,29.13,29.42,31.37,33.11,32.16,29.73,29.46,19.31,19.23,19.17,18.46,16.19,14.86,14.24,15.92,18.55,19.58,19.41,19.44
4038-Pires_do_Rio,Pires do Rio,30.23,30.54,30.46,30.31,29.0,28.47,28.83,30.9,33.04,32.63,30.47,30.25,19.64,19.52,19.44,18.13,15.07,13.44,12.76,14.52,17.72,19.58,19.75,19.86
4054-Planaltina,Planaltina,28.22,28.41,28.36,28.23,27.53,26.86,27.06,28.94,30.93,30.65,28.37,28.19,18.55,18.48,18.51,17.83,15.58,14.07,13.51,15.0,17.39,18.81,18.65,18.73
4095-Pontalina,Pontalina,31.26,31.63,31.68,31.52,30.19,29.83,30.31,32.36,34.48,33.95,31.77,31.27,20.33,20.25,20.23,19.15,16.12,14.82,14.24,16.05,18.97,20.42,20.35,20.54
4115-Porangatu,Porangatu,32.68,32.88,33.11,33.8,34.31,34.05,34.46,36.27,37.73,36.27,33.5,32.78,21.61,21.68,21.82,21.57,19.81,17.96,17.15,18.69,21.22,22.4,22.1,21.92
4120-Porteirao,Porteirão,31.68,32.2,32.23,31.98,30.48,30.3,30.86,32.89,34.94,34.46,32.39,31.81,20.63,20.53,20.52,19.37,16.25,15.13,14.53,16.25,19.13,20.64,20.54,20.81
4124-Portelandia,Portelândia,29.66,30.16,30.17,30.21,28.83,28.67,29.36,31.45,33.09,32.2,30.47,30.0,19.41,19.35,19.23,17.95,14.95,13.58,12.87,14.39,17.54,19.05,19.2,19.52
4160-Posse,Posse,30.37,30.28,30.35,30.53,30.26,29.63,29.67,31.25,33.39,33.26,30.67,30.28,20.62,20.54,20.65,20.52,19.18,18.02,17.47,18.71,20.8,21.82,20.97,20.78
4224-Professor_Jamil,Professor Jamil,30.67,31.0,31.04,30.99,29.8,29.4,29.81,31.85,33.92,33.29,31.11,30.66,20.26,20.15,20.13,18.96,16.03,14.59,13.97,15.74,18.77,20.28,20.32,20.44
4263-Quirinopolis,Quirinópolis,31.42,31.94,31.93,31.62,29.88,29.62,30.24,32.12,34.18,33.85,32.11,31.69,20.63,20.5,20.41,19.16,16.01,14.94,14.26,15.86,18.71,20.38,20.34,20.75
5730-RMG-Regiao_Metropolitana_de_Goiania,Região Metropolitana de Goiânia,32.04,32.18,32.34,32.83,32.45,32.11,32.43,34.4,36.11,35.05,32.44,31.95,20.31,20.27,20.17,19.13,16.25,14.22,13.5,15.12,18.43,20.33,20.56,20.56
4334-Rialma,Rialma,31.44,31.63,31.79,32.23,31.77,31.4,31.74,33.72,35.45,34.4,31.82,31.38,20.1,20.04,19.97,19.04,16.36,14.57,13.91,15.55,18.66,20.25,20.31,20.33
4335-Rianapolis,Rianápolis,30.6,30.94,30.71,30.36,28.91,28.38,28.78,30.88,33.15,32.86,30.9,30.62,19.92,19.84,19.75,18.36,15.19,13.77,13.1,14.94,18.06,19.74,19.84,20.1
4415-Rio_Quente,Rio Quente,30.25,30.87,30.88,30.59,29.13,29.09,29.69,31.78,33.68,32.89,30.95,30.49,19.85,19.76,19.67,18.46,15.3,14.04,13.34,14.94,17.98,19.63,19.68,19.99
4420-Rio_Verde,Rio Verde,30.25,30.87,30.88,30.59,29.13,29.09,29.69,31.78,33.68,32.89,30.95,30.49,19.85,19.76,19.67,18.46,15.3,14.04,13.34,14.94,17.98,19.63,19.68,19.99
4461-Rubiataba,Rubiataba,31.56,31.75,31.98,32.51,32.27,31.79,32.14,34.15,35.84,34.62,31.96,31.49,20.38,20.36,20.23,19.33,16.68,14.71,14.05,15.78,18.95,20.54,20.61,20.65
4511-Sanclerlandia,Sanclerlândia,31.57,32.02,32.18,32.61,32.05,31.82,32.25,34.37,36.11,34.9,32.25,31.6,20.96,20.9,20.88,20.14,17.74,16.5,16.16,18.03,20.72,21.53,21.18,21.17
4521-Santa_Barbara_de_Goias,Santa Bárbara de Goiás,31.13,31.47,31.57,31.78,30.89,30.65,31.03,33.06,34.92,34.0,31.59,31.07,20.59,20.47,20.48,19.53,16.83,15.51,14.99,16.71,19.58,20.86,20.73,20.77
4545-Santa_Cruz_de_Goias,Santa Cruz de Goiás,30.28,30.59,30.5,30.31,29.01,28.46,28.82,30.88,33.05,32.64,30.52,30.28,19.67,19.56,19.48,18.2,15.14,13.53,12.86,14.64,17.82,19.6,19.73,19.89
4559-Santa_Fe_de_Goias,Santa Fé de Goiás,32.81,33.12,33.35,33.9,33.64,33.44,33.87,35.97,37.47,36.32,33.66,32.93,21.94,21.9,21.91,21.14,18.59,16.98,16.35,18.1,21.03,22.43,22.28,22.2
4571-Santa_Helena_de_Goias,Santa Helena de Goiás,31.16,31.81,31.82,31.5,30.0,29.97,30.56,32.67,34.57,33.91,31.89,31.33,20.25,20.13,20.11,18.86,15.64,14.42,13.76,15.34,18.42,20.12,20.16,20.43
4577-Santa_Isabel,Santa Isabel,31.35,31.53,31.73,32.18,31.79,31.39,31.71,33.68,35.4,34.32,31.75,31.27,20.23,20.18,20.08,19.17,16.48,14.68,13.99,15.66,18.75,20.39,20.49,20.47
4626-Santa_Rita_do_Araguaia,Santa Rita do Araguaia,30.02,30.45,30.51,30.66,29.35,29.26,29.86,31.99,33.55,32.55,30.84,30.32,20.0,19.95,19.82,18.56,15.54,14.09,13.33,14.99,18.14,19.74,19.86,20.11
4628-Santa_Rita_do_Novo_Destino,Santa Rita do Novo Destino,30.85,31.08,31.28,31.75,31.44,31.01,31.32,33.26,35.03,33.92,31.41,30.85,20.56,20.52,20.5,19.91,17.69,16.33,15.77,17.52,20.05,21.16,20.97,20.79
4636-Santa_Rosa_de_Goias,Santa Rosa de Goiás,30.05,30.35,30.45,30.77,30.03,29.55,29.93,31.95,33.8,32.82,30.4,30.04,19.7,19.61,19.54,18.71,16.26,14.81,14.28,15.96,18.76,19.91,19.73,19.84
4649-Santa_Tereza_de_Goias,Santa Tereza de Goiás,32.45,32.66,32.86,33.55,33.96,33.64,34.03,35.81,37.33,35.98,33.24,32.55,21.36,21.44,21.56,21.27,19.49,17.73,16.9,18.46,20.96,22.16,21.86,21.68
4655-Santa_Terezinha_de_Goias,Santa Terezinha de Goiás,32.27,32.47,32.73,33.4,33.56,33.2,33.58,35.48,37.07,35.64,32.96,32.27,21.5,21.54,21.54,21.05,18.89,17.23,16.59,18.27,20.96,22.15,21.94,21.79
4708-Santo_Antonio_da_Barra,Santo Antônio da Barra,31.04,31.66,31.71,31.47,30.09,30.07,30.62,32.72,34.62,33.89,31.8,31.2,20.33,20.23,20.2,19.04,15.93,14.77,14.16,15.8,18.74,20.3,20.28,20.51
4712-Santo_Antonio_de_Goias,Santo Antônio de Goiás,30.09,30.39,30.46,30.65,29.69,29.31,29.69,31.73,33.57,32.72,30.4,30.09,20.14,19.98,19.94,18.94,16.22,14.67,14.04,15.77,18.87,20.19,20.14,20.26
4721-Santo_Antonio_do_Descoberto,Santo Antônio do Descoberto,28.44,28.7,28.61,28.54,27.7,27.14,27.4,29.34,31.3,30.92,28.69,28.45,18.88,18.81,18.78,18.05,15.81,14.54,14.03,15.57,17.95,19.19,19.02,19.03
4782-Sao_Domingos,São Domingos,30.69,30.54,30.69,30.94,30.85,30.23,30.31,31.88,33.94,33.7,31.07,30.61,20.56,20.49,20.58,20.36,18.87,17.54,16.98,18.28,20.46,21.57,20.91,20.76
4812-Sao_Francisco_de_Goias,São Francisco de Goiás,29.8,30.08,30.2,30.49,29.79,29.37,29.7,31.68,33.46,32.53,30.14,29.78,19.66,19.57,19.54,18.77,16.43,15.1,14.52,16.17,18.82,19.92,19.72,19.77
4867-Sao_Joao_d'Alianca,São João d'Aliança,31.23,31.71,31.82,31.9,30.86,30.76,31.21,33.29,35.17,34.32,31.87,31.18,20.66,20.55,20.5,19.56,16.8,15.66,15.27,16.95,19.82,20.99,20.76,20.85
4861-Sao_Joao_da_Parauna,São João da Paraúna,29.49,29.45,29.58,29.55,29.02,28.07,28.31,30.1,32.26,31.88,29.53,29.27,19.17,19.14,19.14,18.6,16.67,15.14,14.59,16.04,18.35,19.58,19.31,19.27
4977-Sao_Luis_de_Montes_Belos,São Luís de Montes Belos,31.55,32.0,32.14,32.45,31.74,31.54,31.97,34.05,35.84,34.77,32.2,31.54,20.86,20.79,20.77,19.93,17.36,16.15,15.78,17.57,20.33,21.33,21.05,21.07
4984-Sao_Luiz_do_Norte,São Luiz do Norte,31.34,31.53,31.78,32.26,31.97,31.57,31.89,33.83,35.57,34.41,31.89,31.27,20.75,20.72,20.65,19.87,17.34,15.77,15.07,16.79,19.65,21.11,21.14,21.0
5006-Sao_Miguel_do_Araguaia,São Miguel do Araguaia,32.75,32.98,33.32,33.94,34.6,34.56,35.05,36.94,38.19,36.4,33.67,32.83,22.25,22.33,22.41,22.16,20.26,18.33,17.55,19.09,21.69,22.81,22.63,22.5
5011-Sao_Miguel_do_Passa_Quatro,São Miguel do Passa Quatro,30.0,30.31,30.33,30.29,29.07,28.58,28.9,30.95,33.02,32.45,30.24,29.99,19.26,19.1,19.05,17.81,14.97,13.44,12.79,14.41,17.44,19.11,19.3,19.48
5018-Sao_Patricio,São Patrício,32.0,32.2,32.4,32.93,32.61,32.25,32.61,34.62,36.32,35.14,32.46,31.92,20.59,20.55,20.49,19.58,16.93,15.08,14.46,16.16,19.25,20.81,20.85,20.84
5071-Sao_Simao,São Simão,31.64,32.06,31.96,31.61,29.58,29.23,29.66,31.63,33.85,33.67,32.17,31.94,21.27,21.12,21.02,19.57,16.25,15.38,14.62,16.03,18.96,20.79,20.91,21.35
5128-Senador_Canedo,Senador Canedo,30.27,30.56,30.62,30.8,29.83,29.51,29.89,31.93,33.79,32.93,30.66,30.31,20.44,20.29,20.27,19.27,16.52,15.01,14.37,16.16,19.21,20.54,20.47,20.57
5179-Serranopolis,Serranópolis,30.47,30.98,30.94,30.65,28.88,28.95,29.62,31.69,33.35,32.64,31.12,30.75,19.95,19.85,19.71,18.21,14.83,13.46,12.64,14.26,17.5,19.42,19.66,20.03
5209-Silvania,Silvânia,29.51,29.8,29.83,29.84,28.68,28.11,28.42,30.51,32.56,31.99,29.77,29.45,19.02,18.87,18.84,17.78,15.2,13.79,13.17,14.66,17.44,18.96,19.03,19.16
5220-Simolandia,Simolândia,31.02,30.95,31.05,31.12,30.74,30.14,30.22,31.84,34.0,33.85,31.27,30.84,20.7,20.64,20.75,20.44,18.86,17.65,17.04,18.31,20.49,21.62,21.04,20.84
5228-Sitio_d'Abadia,Sítio d'Abadia,30.34,30.36,30.31,30.31,29.74,28.96,29.04,30.69,32.83,32.88,30.23,30.05,19.8,19.79,19.81,19.29,17.42,15.92,15.17,16.38,18.87,20.29,20.02,19.93
5329-Taquaral_de_Goias,Taquaral de Goiás,30.29,30.59,30.68,31.08,30.41,29.9,30.32,32.36,34.22,33.16,30.67,30.29,19.66,19.59,19.5,18.67,16.2,14.69,14.17,15.87,18.74,19.89,19.71,19.82
5371-Teresina_de_Goias,Teresina de Goiás,29.97,29.9,30.05,30.26,30.07,29.26,29.48,31.17,33.23,32.65,30.15,29.75,19.72,19.71,19.74,19.37,17.66,16.11,15.55,16.99,19.35,20.47,19.94,19.85
5374-Terezopolis_de_Goias,Terezópolis de Goiás,29.72,30.01,30.08,30.39,29.31,28.68,29.04,31.14,33.04,32.28,29.99,29.61,19.67,19.53,19.47,18.61,16.18,14.72,14.15,15.77,18.49,19.73,19.55,19.66
5452-Tres_Ranchos,Três Ranchos,29.83,30.19,30.02,29.63,28.15,27.76,28.02,30.05,32.22,32.06,30.12,29.87,20.43,20.36,20.34,19.34,16.88,15.85,15.43,17.03,19.48,20.68,20.28,20.4
5458-Trindade,Trindade,30.63,30.96,31.03,31.23,30.3,30.0,30.36,32.38,34.27,33.39,31.03,30.62,20.41,20.28,20.27,19.29,16.59,15.16,14.62,16.36,19.32,20.59,20.49,20.57
5465-Trombas,Trombas,32.19,32.37,32.56,33.24,33.63,33.33,33.7,35.48,37.05,35.74,32.99,32.28,21.26,21.33,21.45,21.17,19.38,17.58,16.69,18.21,20.73,22.04,21.74,21.56
5499-Turvania,Turvânia,31.46,31.89,32.02,32.26,31.44,31.17,31.59,33.67,35.49,34.48,31.94,31.37,20.47,20.37,20.34,19.41,16.72,15.46,15.01,16.71,19.57,20.79,20.6,20.68
5500-Turvelandia,Turvelândia,31.62,32.18,32.21,31.98,30.51,30.41,30.96,33.03,34.99,34.43,32.36,31.75,20.61,20.49,20.48,19.31,16.15,15.01,14.41,16.07,19.01,20.59,20.55,20.78
5524-Uirapuru,Uirapuru,32.79,32.99,33.28,33.99,34.31,34.04,34.44,36.33,37.82,36.33,33.59,32.81,22.0,22.06,22.11,21.71,19.67,18.11,17.46,19.11,21.66,22.77,22.48,22.3
5553-Uruacu,Uruaçu,31.39,31.6,31.84,32.42,32.35,31.93,32.24,34.07,35.8,34.57,32.03,31.4,20.95,20.95,20.98,20.47,18.38,16.79,16.2,17.92,20.51,21.64,21.4,21.22
5554-Uruana,Uruaçú,31.45,31.68,31.84,32.32,31.88,31.49,31.85,33.86,35.62,34.49,31.87,31.41,20.19,20.14,20.07,19.19,16.59,14.84,14.25,15.93,18.97,20.41,20.39,20.42
5571-Urutai,Urutaí,30.06,30.38,30.24,30.03,28.7,28.17,28.51,30.59,32.72,32.4,30.29,30.1,19.8,19.71,19.63,18.33,15.26,13.63,13.01,14.77,17.98,19.8,19.9,20.0
5586-Valparaiso_de_Goias,Valparaíso de Goiás,27.95,28.21,28.07,27.92,27.09,26.43,26.68,28.6,30.59,30.29,28.1,27.96,18.47,18.35,18.29,17.53,15.24,13.79,13.28,14.78,17.27,18.61,18.51,18.64
5600-Varjao,Várjão,30.9,31.24,31.33,31.42,30.35,30.06,30.48,32.54,34.44,33.63,31.33,30.87,20.39,20.28,20.25,19.25,16.44,15.08,14.57,16.29,19.23,20.56,20.47,20.58
5647-Vianopolis,Vianópolis,30.03,30.34,30.37,30.33,29.04,28.53,28.84,30.88,32.98,32.5,30.26,30.01,18.89,18.68,18.66,17.34,14.46,12.98,12.28,13.75,16.8,18.62,18.96,19.13
5651-Vicentinopolis,Vicentinópolis,31.86,32.27,32.33,32.17,30.77,30.57,31.1,33.15,35.19,34.69,32.45,31.9,20.49,20.42,20.43,19.52,16.54,15.46,14.91,16.7,19.43,20.7,20.45,20.68
5664-Vila_Boa,Vila Boa,30.35,30.39,30.47,30.31,29.63,29.06,29.23,31.03,33.11,32.97,30.54,30.17,19.95,19.91,20.01,19.35,17.23,15.83,15.22,16.61,18.89,20.36,20.22,20.09
5673-Vila_Propicio,Vila Propício,29.69,29.92,30.0,30.31,29.85,29.4,29.68,31.66,33.47,32.59,30.06,29.69,19.71,19.65,19.6,19.04,16.89,15.63,15.09,16.8,19.25,20.27,20.0,19.91
